Participant,ID,Chemical,,,,
P1,A1,SAN,,,,
P1,A2,MEN,,,,
P1,A3,MET,,,,
P1,A4,CIN,,,,
P1,A5,WAT,,,,
P1,A6,CAP,,,,
P1,A7,LID,,,,
P1,B1,LID,,,,
P1,B2,SAN,,,,
P1,B3,CIN,,,,
P1,B4,MET,,,,
P1,B5,WAT,,,,
P1,B6,MEN,,,,
P1,B7,CAP,,,,
P1,C1,CIN,,,,
P1,C2,CAP,,,,
P1,C3,SAN,,,,
P1,C4,WAT,,,,
P1,C5,MET,,,,
P1,C6,MEN,,,,
P1,C7,LID,,,,
P2,A1,MET,,,,
P2,A2,LID,,,,
P2,A3,MEN,,,,
P2,A4,SAN,,,,
P2,A5,WAT,,,,
P2,A6,CAP,,,,
P2,A7,CIN,,,,
P2,B1,WAT,,,,
P2,B2,MET,,,,
P2,B3,MEN,,,,
P2,B4,LID,,,,
P2,B5,SAN,,,,
P2,B6,CIN,,,,
P2,B7,CAP,,,,
P2,C1,SAN,,,,
P2,C2,WAT,,,,
P2,C3,CIN,,,,
P2,C4,CAP,,,,
P2,C5,MET,,,,
P2,C6,MEN,,,,
P2,C7,LID,,,,
P3,A1,CAP,,,,
P3,A2,WAT,,,,
P3,A3,MEN,,,,
P3,A4,CIN,,,,
P3,A5,LID,,,,
P3,A6,SAN,,,,
P3,A7,MET,,,,
P3,B1,WAT,,,,
P3,B2,CAP,,,,
P3,B3,CIN,,,,
P3,B4,MET,,,,
P3,B5,SAN,,,,
P3,B6,LID,,,,
P3,B7,MEN,,,,
P3,C1,MET,,,,
P3,C2,WAT,,,,
P3,C3,MEN,,,,
P3,C4,CAP,,,,
P3,C5,CIN,,,,
P3,C6,SAN,,,,
P3,C7,LID,,,,
P4,A1,MEN,,,,
P4,A2,CIN,,,,
P4,A3,LID,,,,
P4,A4,CAP,,,,
P4,A5,WAT,,,,
P4,A6,SAN,,,,
P4,A7,MET,,,,
P4,B1,CIN,,,,
P4,B2,CAP,,,,
P4,B3,WAT,,,,
P4,B4,MEN,,,,
P4,B5,LID,,,,
P4,B6,SAN,,,,
P4,B7,MET,,,,
P4,C1,WAT,,,,
P4,C2,MET,,,,
P4,C3,MEN,,,,
P4,C4,LID,,,,
P4,C5,CAP,,,,
P4,C6,SAN,,,,
P4,C7,CIN,,,,
P5,A1,MEN,,,,
P5,A2,CIN,,,,
P5,A3,LID,,,,
P5,A4,CAP,,,,
P5,A5,WAT,,,,
P5,A6,SAN,,,,
P5,A7,MET,,,,
P5,B1,CIN,,,,
P5,B2,CAP,,,,
P5,B3,WAT,,,,
P5,B4,MEN,,,,
P5,B5,LID,,,,
P5,B6,SAN,,,,
P5,B7,MET,,,,
P5,C1,WAT,,,,
P5,C2,MET,,,,
P5,C3,MEN,,,,
P5,C4,LID,,,,
P5,C5,CAP,,,,
P5,C6,SAN,,,,
P5,C7,CIN,,,,
P6,A1,MET,,,,
P6,A2,SAN,,,,
P6,A3,LID,,,,
P6,A4,CAP,,,,
P6,A5,CIN,,,,
P6,A6,MEN,,,,
P6,A7,WAT,,,,
P6,B1,CIN,,,,
P6,B2,SAN,,,,
P6,B3,MEN,,,,
P6,B4,CAP,,,,
P6,B5,WAT,,,,
P6,B6,MET,,,,
P6,B7,LID,,,,
P6,C1,CAP,,,,
P6,C2,MET,,,,
P6,C3,WAT,,,,
P6,C4,MEN,,,,
P6,C5,SAN,,,,
P6,C6,CIN,,,,
P6,C7,LID,,,,
P7,A1,SAN,,,,
P7,A2,MEN,,,,
P7,A3,CIN,,,,
P7,A4,MET,,,,
P7,A5,LID,,,,
P7,A6,WAT,,,,
P7,A7,CAP,,,,
P7,B1,MEN,,,,
P7,B2,LID,,,,
P7,B3,CIN,,,,
P7,B4,MET,,,,
P7,B5,SAN,,,,
P7,B6,WAT,,,,
P7,B7,CAP,,,,
P7,C1,CAP,,,,
P7,C2,LID,,,,
P7,C3,WAT,,,,
P7,C4,MEN,,,,
P7,C5,SAN,,,,
P7,C6,CIN,,,,
P7,C7,MET,,,,